index,name,mass,px,py,vx,vy,total_fx,total_fy
Sun,Sun,1.99E+30,0,0,0,0,0,0
Jupiter,Jupiter,1.90E+27,0,-7.79E+11,-13055.65356,0,0,0
Saturn,Saturn,5.68E+26,0,1.43E+12,9621.814247,0,0,0
Neptune,Neptune,1.02E+26,-4.50E+12,0,0,5433.580907,0,0
Uranus,Uranus,8.68E+25,0,-2.87E+12,-6797.133477,0,0,0
Earth,Earth,5.97E+24,-1.50E+11,0,0,29784.68892,0,0
Venus,Venus,4.87E+24,1.08E+11,0,0,-35022.10023,0,0
Mars,Mars,6.42E+23,2.28E+11,0,0,-24131.46312,0,0
Mercury,Mercury,3.30E+23,0,57900812779,47875.85414,0,0,0
Pluto,Pluto,1.46E+22,0,5.91E+12,4740.175151,0,0,0
Ceres,Ceres,9.39E+20,-1.86E+11,3.70E+11,15987.49331,8055.691562,0,0
Kleopatra,Kleopatra,5.21E+20,-31291043143,4.17E+11,17768.85645,1333.957256,0,0
Shipka,Shipka,4.37E+20,-29626539271,4.50E+11,17110.69956,1125.587946,0,0
Vesta,Vesta,2.59E+20,3.01E+11,-1.86E+11,-10186.8695,-16486.69051,0,0
Pallas,Pallas,2.05E+20,-3.18E+11,-2.67E+11,-11507.16633,13697.3267,0,0
Juno,Juno,2.00E+19,-3.84E+11,-1.09E+11,-4967.458195,17538.01364,0,0
Eugenia,Eugenia,6.10E+18,-2.62E+11,-3.12E+11,-13819.76564,11620.84769,0,0
87 Sylvia,87 Sylvia,5.62E+18,-3.87E+11,-3.49E+11,-10683.1625,11859.18176,0,0
65 Cybele,65 Cybele,5.27E+18,-4.23E+11,-2.89E+11,-9088.553251,13282.53957,0,0
107 Camilla,107 Camilla,4.67E+18,3.12E+11,4.18E+11,12776.04156,-9535.245315,0,0
121 Hermione,121 Hermione,4.64E+18,-53751069741,-5.15E+11,-15922.25193,1661.649353,0,0
334 Chicago (1892 L),334 Chicago (1892 L),4.42E+18,-4.46E+11,-3.74E+11,-9702.279855,11576.09681,0,0
Chiron,Chiron,4.00E+18,9.00E+11,1.83E+12,7238.259753,-3558.172398,0,0
153 Hilda,153 Hilda,3.79E+18,-3.58E+11,-4.76E+11,-11935.19755,8972.369223,0,0
790 Pretoria (1912 NW),790 Pretoria (1912 NW),3.79E+18,4.75E+11,-1.84E+11,-5828.914957,-15044.37787,0,0
566 Stereoskopia (1905 QO),566 Stereoskopia (1905 QO),3.72E+18,-4.56E+11,2.18E+11,6998.517305,14617.29127,0,0
190 Ismene,190 Ismene,3.53E+18,-16230082296,-5.96E+11,-14911.33707,405.9152009,0,0
361 Bononia (1893 P),361 Bononia (1893 P),3.43E+18,5.68E+11,1.68E+11,4240.540703,-14353.30345,0,0
536 Merapi (1904 OF),536 Merapi (1904 OF),3.27E+18,1.25E+11,-5.08E+11,-15459.99488,-3811.056142,0,0
168 Sibylla,168 Sibylla,3.23E+18,-4.44E+11,-2.40E+11,-7706.077478,14267.36627,0,0
76 Freia,76 Freia,3.23E+18,-4.74E+11,1.90E+11,6004.206842,14959.25401,0,0
420 Bertholda (1896 CY),420 Bertholda (1896 CY),3.08E+18,4.42E+11,2.56E+11,8076.876558,-13952.27091,0,0
381 Myrrha (1894 AS),381 Myrrha (1894 AS),2.84E+18,4.65E+11,-1.30E+11,-4462.110144,-15974.05862,0,0
279 Thule,279 Thule,2.81E+18,3.77E+11,-5.16E+11,-11636.09042,-8498.209813,0,0
909 Ulla (1919 FA),909 Ulla (1919 FA),2.59E+18,-4.67E+11,2.50E+11,7473.244918,13948.9898,0,0
545 Messalina (1904 OY),545 Messalina (1904 OY),2.50E+18,-4.75E+11,60028418485,2085.123633,16511.83736,0,0
895 Helio (1918 DU),895 Helio (1918 DU),2.43E+18,4.52E+11,-1.58E+11,-5480.673249,-15719.62099,0,0
229 Adelinda,229 Adelinda,2.35E+18,2.32E+11,4.57E+11,14352.92431,-7278.108821,0,0
1269 Rollandia (1930 SH),1269 Rollandia (1930 SH),2.33E+18,-9991671661,5.83E+11,15079.20753,258.2539836,0,0
748 Simeisa (1913 RD),748 Simeisa (1913 RD),2.30E+18,5.23E+11,2.74E+11,6967.762274,-13274.0677,0,0
260 Huberta,260 Huberta,2.26E+18,-39661857253,-5.15E+11,-15978.3628,1229.988318,0,0
522 Helga (1904 NC),522 Helga (1904 NC),2.25E+18,4.78E+11,2.57E+11,7401.179764,-13782.96642,0,0
733 Mocia (1912 PF),733 Mocia (1912 PF),2.19E+18,2.75E+11,-4.28E+11,-13591.56817,-8728.129375,0,0
713 Luscinia (1911 LS),713 Luscinia (1911 LS),2.18E+18,-2.89E+11,4.18E+11,13287.43508,9195.661746,0,0
1180 Rita (1931 GE),1180 Rita (1931 GE),2.16E+18,-5.94E+11,74525977173,1851.420374,14767.89667,0,0
1268 Libya (1930 HJ),1268 Libya (1930 HJ),2.15E+18,-4.05E+11,-4.35E+11,-10936.09605,10175.62725,0,0
1390 Abastumani (1935 TA),1390 Abastumani (1935 TA),2.13E+18,3.22E+11,4.01E+11,12527.27635,-10053.64777,0,0
225 Henrietta,225 Henrietta,2.13E+18,2.06E+11,4.64E+11,14782.76138,-6557.41716,0,0
466 Tisiphone (1901 FX),466 Tisiphone (1901 FX),2.12E+18,4.90E+11,1.09E+11,3532.960953,-15873.31436,0,0
978 Aidamina (1922 LY),978 Aidamina (1922 LY),2.05E+18,4.40E+11,1.91E+11,6613.084426,-15267.74682,0,0
1177 Gonnessia (1930 WA),1177 Gonnessia (1930 WA),2.04E+18,-2.35E+11,4.44E+11,14369.09852,7596.151042,0,0
528 Rezia (1904 NS),528 Rezia (1904 NS),2.04E+18,3.29E+11,-3.87E+11,-12311.80259,-10477.82186,0,0
595 Polyxena (1906 TZ),595 Polyxena (1906 TZ),2.01E+18,-4.29E+11,2.15E+11,7464.689691,14860.68384,0,0
1467 Mashona (1938 OE),1467 Mashona (1938 OE),1.98E+18,4.06E+11,-3.03E+11,-9679.311181,-12979.98944,0,0
1028 Lydina (1923 PG),1028 Lydina (1923 PG),1.97E+18,-3.65E+11,-3.55E+11,-11252.9599,11573.2157,0,0
414 Liriope (1896 CN),414 Liriope (1896 CN),1.97E+18,1.41E+11,5.06E+11,15318.01582,-4268.876324,0,0
401 Ottilia (1895 BT),401 Ottilia (1895 BT),1.95E+18,-5.00E+11,22268293559,725.3745183,16274.21535,0,0
570 Kythera (1905 QX),570 Kythera (1905 QX),1.94E+18,4.31E+11,-2.76E+11,-8692.285035,-13564.29015,0,0
721 Tabora (1911 MZ),721 Tabora (1911 MZ),1.92E+18,5.25E+11,-83614792313,-2484.648089,-15602.53269,0,0
1902 Shaposhnikov (1972 HU),1902 Shaposhnikov (1972 HU),1.85E+18,26220609110,5.94E+11,14926.29814,-658.9458959,0,0
806 Gyldenia (1915 WX),806 Gyldenia (1915 WX),1.85E+18,4.23E+11,2.28E+11,7886.412195,-14621.87441,0,0
976 Benjamina (1922 LU),976 Benjamina (1922 LU),1.85E+18,77954181033,-4.72E+11,-16425.58905,-2710.073152,0,0
1015 Christa (1924 QF),1015 Christa (1924 QF),1.83E+18,3.98E+11,-2.68E+11,-9290.489936,-13798.44002,0,0
1303 Luthera (1928 FP),1303 Luthera (1928 FP),1.82E+18,2.79E+11,3.94E+11,13532.36754,-9576.196864,0,0
1512 Oulu (1939 FE),1512 Oulu (1939 FE),1.77E+18,4.78E+11,-3.50E+11,-8849.263062,-12074.98925,0,0
1754 Cunningham (1935 FE),1754 Cunningham (1935 FE),1.77E+18,-1.77E+11,5.63E+11,14307.46326,4503.902093,0,0
940 Kordula (1920 HT),940 Kordula (1920 HT),1.77E+18,-4.13E+11,-2.88E+11,-9302.105356,13305.92916,0,0
1323 Tugela (1934 LD),1323 Tugela (1934 LD),1.74E+18,98581252897,-4.73E+11,-16226.75303,-3382.878753,0,0
499 Venusia (1902 KX),499 Venusia (1902 KX),1.72E+18,-5.95E+11,70648339370,1753.749845,14775.99868,0,0
1212 Francette (1931 XC),1212 Francette (1931 XC),1.70E+18,4.41E+11,-3.94E+11,-9982.783104,-11179.43084,0,0
Lutetia,Lutetia,1.70E+18,2.76E+11,-2.38E+11,-12487.3089,-14435.74053,0,0
927 Ratisbona (1920 GO),927 Ratisbona (1920 GO),1.69E+18,1.25E+11,4.67E+11,16015.12321,-4277.080833,0,0
108 Hecuba,108 Hecuba,1.68E+18,4.39E+11,-2.04E+11,-6988.080653,-15006.19356,0,0
1266 Tone (1927 BD),1266 Tone (1927 BD),1.68E+18,-82899795123,-4.96E+11,-16028.8761,2681.152377,0,0
325 Heidelberga,325 Heidelberga,1.68E+18,82381550219,4.75E+11,16343.99872,-2833.179436,0,0
892 Seeligeria (1918 DR),892 Seeligeria (1918 DR),1.66E+18,-3.60E+11,3.21E+11,11030.94877,12378.37195,0,0
1001 Gaussia (1923 OA),1001 Gaussia (1923 OA),1.62E+18,3.39E+11,-3.41E+11,-11783.20599,-11722.50009,0,0
1345 Potomac (1908 CG),1345 Potomac (1908 CG),1.62E+18,1.66E+11,-5.72E+11,-14331.44926,-4159.387976,0,0
781 Kartvelia (1914 UF),781 Kartvelia (1914 UF),1.62E+18,-55565309314,-4.78E+11,-16496.18047,1917.701727,0,0
1004 Belopolskya (1923 OS),1004 Belopolskya (1923 OS),1.59E+18,-5.02E+11,-81781200424,-2595.19164,15939.06811,0,0
777 Gutemberga (1914 TZ),777 Gutemberga (1914 TZ),1.59E+18,1.47E+11,4.60E+11,15784.49141,-5059.900618,0,0
1118 Hanskya (1927 QD),1118 Hanskya (1927 QD),1.58E+18,1.28E+11,-4.63E+11,-16019.49245,-4424.655873,0,0
122 Gerda,122 Gerda,1.57E+18,-4.06E+11,-2.59E+11,-8924.829905,13984.7992,0,0
1567 Alikoski (1941 HN),1567 Alikoski (1941 HN),1.54E+18,4.60E+11,1.40E+11,4848.162398,-15894.26831,0,0
1256 Normannia (1932 PD),1256 Normannia (1932 PD),1.52E+18,-5.58E+11,1.69E+11,4385.212179,14436.7266,0,0
648 Pippa (1907 AE),648 Pippa (1907 AE),1.52E+18,75904465928,-4.73E+11,-16431.34548,-2635.849716,0,0
1796 Riga (1966 KB),1796 Riga (1966 KB),1.51E+18,1.34E+11,-4.84E+11,-15664.99395,-4347.53076,0,0
1911 Schubart (1973 UD),1911 Schubart (1973 UD),1.50E+18,5.26E+11,2.76E+11,6940.276343,-13236.65061,0,0
300 Geraldina,300 Geraldina,1.50E+18,76582070278,-4.73E+11,-16427.19025,-2659.193939,0,0
Siwa,Siwa,1.50E+18,-2.06E+11,3.53E+11,15560.14362,9088.412486,0,0
483 Seppina (1902 HU),483 Seppina (1902 HU),1.49E+18,1.54E+11,-4.88E+11,-15347.56439,-4853.546171,0,0
859 Bouzareah (1916 c),859 Bouzareah (1916 c),1.45E+18,4.82E+11,-15329590146,-527.3174036,-16580.59998,0,0
1315 Bronislawa (1933 SF1),1315 Bronislawa (1933 SF1),1.44E+18,-4.59E+11,-1.39E+11,-4821.256516,15920.35921,0,0
643 Scheherezade (1907 ZZ),643 Scheherezade (1907 ZZ),1.44E+18,-4.85E+11,-1.32E+11,-4260.476007,15676.32803,0,0
1042 Amazone (1925 HA),1042 Amazone (1925 HA),1.42E+18,-4.62E+11,-1.45E+11,-4958.866991,15803.08535,0,0
1167 Dubiago (1930 PB),1167 Dubiago (1930 PB),1.40E+18,3.95E+11,3.24E+11,10232.62666,-12456.00587,0,0
1746 Brouwer (1963 RF),1746 Brouwer (1963 RF),1.39E+18,89541317991,-5.84E+11,-14809.48373,-2269.035375,0,0
1109 Tata (1929 CU),1109 Tata (1929 CU),1.37E+18,2.04E+11,4.37E+11,15025.80853,-7012.006807,0,0
581 Tauntonia (1905 SH),581 Tauntonia (1905 SH),1.37E+18,48526489221,-4.78E+11,-16536.20964,-1678.999539,0,0
1051 Merope (1925 SA),1051 Merope (1925 SA),1.34E+18,4.51E+11,1.66E+11,5727.174951,-15593.75227,0,0
1038 Tuckia (1924 TK),1038 Tuckia (1924 TK),1.30E+18,-2.08E+11,-5.59E+11,-13985.618,5205.136751,0,0
436 Patricia (1898 DT),436 Patricia (1898 DT),1.30E+18,-3.63E+11,-3.12E+11,-10848.5137,12624.09629,0,0
764 Gedania (1913 SU),764 Gedania (1913 SU),1.30E+18,1.52E+11,-4.54E+11,-15791.59873,-5266.754651,0,0
2760 Kacha (1980 TU6),2760 Kacha (1980 TU6),1.29E+18,-5.44E+11,-2.45E+11,-6121.908814,13601.15173,0,0
903 Nealley (1918 EM),903 Nealley (1918 EM),1.29E+18,3.31E+11,3.54E+11,12080.38171,-11310.20545,0,0
1309 Hyperborea (1931 TO),1309 Hyperborea (1931 TO),1.28E+18,-2.20E+11,4.26E+11,14786.4013,7627.490265,0,0
1574 Meyer (1949 FD),1574 Meyer (1949 FD),1.28E+18,-1.73E+11,5.01E+11,14959.01855,5177.359383,0,0
2196 Ellicott (1965 BC),2196 Ellicott (1965 BC),1.28E+18,1.48E+11,-4.92E+11,-15392.98506,-4628.251452,0,0
1144 Oda (1930 BJ),1144 Oda (1930 BJ),1.25E+18,-1.33E+11,5.48E+11,14909.79988,3611.751705,0,0
1529 Oterma (1938 BC),1529 Oterma (1938 BC),1.25E+18,-5.13E+11,3.05E+11,7615.458229,12823.94461,0,0
1154 Astronomia (1927 CB),1154 Astronomia (1927 CB),1.24E+18,-5.05E+11,54455774827,1734.228267,16074.8608,0,0
1202 Marina (1931 RL),1202 Marina (1931 RL),1.22E+18,1.73E+11,5.73E+11,14252.71929,-4317.298657,0,0
1558 Jarnefelt (1942 BD),1558 Jarnefelt (1942 BD),1.22E+18,3.66E+11,-3.14E+11,-10808.62988,-12578.27399,0,0
1328 Devota (1925 UA),1328 Devota (1925 UA),1.19E+18,2.61E+11,4.54E+11,13806.17862,-7920.172033,0,0
2311 El Leoncito (1974 TA1),2311 El Leoncito (1974 TA1),1.18E+18,-94104671579,-5.36E+11,-15387.1236,2703.809942,0,0
3731 Hancock (1984 DH1),3731 Hancock (1984 DH1),1.18E+18,2.42E+11,4.18E+11,14340.60034,-8319.085122,0,0
2008 Konstitutsiya (1973 SV4),2008 Konstitutsiya (1973 SV4),1.16E+18,-2.71E+11,-3.98E+11,-13730.248,9346.26614,0,0
2697 Albina (1969 TC3),2697 Albina (1969 TC3),1.15E+18,-1.75E+11,-5.03E+11,-14914.68124,5186.754005,0,0
973 Aralia (1922 LR),973 Aralia (1922 LR),1.15E+18,1.42E+11,-4.59E+11,-15874.26571,-4919.923603,0,0
1280 Baillauda (1933 QB),1280 Baillauda (1933 QB),1.13E+18,-4.51E+11,-2.40E+11,-7566.047448,14232.59147,0,0
1439 Vogtia (1937 TE),1439 Vogtia (1937 TE),1.12E+18,4.18E+11,-4.28E+11,-10662.57841,-10402.33814,0,0
3134 Kostinsky (A921 VA),3134 Kostinsky (A921 VA),1.12E+18,5.83E+11,1.21E+11,3022.930585,-14616.58588,0,0
2312 Duboshin (1976 GU2),2312 Duboshin (1976 GU2),1.11E+18,2.54E+11,5.36E+11,13520.90103,-6410.866249,0,0
319 Leona,319 Leona,1.11E+18,-5.09E+11,5725058451,181.4948431,16142.59127,0,0
3577 Putilin (1969 TK),3577 Putilin (1969 TK),1.09E+18,-5.03E+11,3.09E+11,7854.721006,12779.12876,0,0
2246 Bowell (1979 XH),2246 Bowell (1979 XH),1.08E+18,-3.52E+11,4.75E+11,12038.47054,8917.710419,0,0
2393 Suzuki (1955 WB),2393 Suzuki (1955 WB),1.08E+18,4.65E+11,-1.29E+11,-4415.79532,-15980.9871,0,0
580 Selene (1905 SE),580 Selene (1905 SE),1.07E+18,4.81E+11,-41396361446,-1421.985309,-16520.14926,0,0
6984 Lewiscarroll (1994 AO),6984 Lewiscarroll (1994 AO),1.07E+18,4.63E+11,3.73E+11,9374.447098,-11636.47121,0,0
1295 Deflotte (1933 WD),1295 Deflotte (1933 WD),1.05E+18,-4.95E+11,-1.07E+11,-3402.265326,15821.25053,0,0
1578 Kirkwood (1951 AT),1578 Kirkwood (1951 AT),1.05E+18,5.55E+11,1.92E+11,4911.68284,-14211.66656,0,0
1579 Herrick (1948 SB),1579 Herrick (1948 SB),1.04E+18,-2.80E+11,-4.32E+11,-13482.55018,8731.379421,0,0
2266 Tchaikovsky (1974 VK),2266 Tchaikovsky (1974 VK),1.04E+18,1.25E+11,-4.93E+11,-15662.66615,-3958.720875,0,0
1227 Geranium (1931 TD),1227 Geranium (1931 TD),1.03E+18,-2.91E+11,3.84E+11,13237.83025,10016.11495,0,0
2976 Lautaro (1974 HR),2976 Lautaro (1974 HR),1.03E+18,-4.67E+11,1.77E+11,5766.474598,15250.78651,0,0
803 Picka (1915 WS),803 Picka (1915 WS),1.03E+18,2.38E+11,4.16E+11,14441.72437,-8270.196969,0,0
2067 Aksnes (1936 DD),2067 Aksnes (1936 DD),1.02E+18,-3.77E+11,-4.59E+11,-11557.84199,9491.433883,0,0
3694 Sharon (1984 SH5),3694 Sharon (1984 SH5),1.02E+18,3.23E+11,4.91E+11,12556.37147,-8254.309189,0,0
5603 Rausudake (1992 CE),5603 Rausudake (1992 CE),1.02E+18,-4.84E+11,-3.47E+11,-8696.625955,12138.21255,0,0
958 Asplinda (1921 KC),958 Asplinda (1921 KC),1.00E+18,-4.19E+11,4.24E+11,10622.60421,10477.82794,0,0
1748 Mauderli (1966 RA),1748 Mauderli (1966 RA),9.98E+17,-5.86E+11,-82835636927,-2095.989648,14827.46503,0,0
1859 Kovalevskaya (1972 RS2),1859 Kovalevskaya (1972 RS2),9.92E+17,-4.68E+11,-1.07E+11,-3713.113638,16200.10419,0,0
842 Kerstin (1916 AM),842 Kerstin (1916 AM),9.68E+17,-4.65E+11,-1.34E+11,-4566.361209,15913.03176,0,0
3036 Krat (1937 TO),3036 Krat (1937 TO),9.58E+17,-2.79E+11,-3.91E+11,-13532.56231,9653.612913,0,0
2356 Hirons (1979 UJ),2356 Hirons (1979 UJ),9.57E+17,4.81E+11,-47967138234,-1641.98641,-16480.46991,0,0
3578 Carestia (1977 CC),3578 Carestia (1977 CC),9.53E+17,3.30E+11,3.49E+11,12073.10897,-11415.87387,0,0
692 Hippodamia (1901 HD),692 Hippodamia (1901 HD),9.50E+17,4.79E+11,1.65E+11,5266.785915,-15305.14236,0,0
844 Leontina (1916 AP),844 Leontina (1916 AP),9.37E+17,2.30E+11,-4.21E+11,-14600.37508,-7981.787734,0,0
2235 Vittore (A924 GA),2235 Vittore (A924 GA),9.26E+17,4.20E+11,-2.31E+11,-8026.137785,-14574.53142,0,0
2376 Martynov (1977 QG3),2376 Martynov (1977 QG3),9.24E+17,1.40E+11,4.58E+11,15914.93663,-4864.937915,0,0
830 Petropolitana (1916 ZZ),830 Petropolitana (1916 ZZ),9.18E+17,1.48E+11,-4.57E+11,-15818.52859,-5125.038699,0,0
2208 Pushkin (1977 QL3),2208 Pushkin (1977 QL3),9.08E+17,1.14E+11,-5.10E+11,-15548.61448,-3469.297849,0,0
2145 Blaauw (1976 UF),2145 Blaauw (1976 UF),9.01E+17,-4.46E+11,1.81E+11,6252.862289,15384.24087,0,0
1162 Larissa (1930 AC),1162 Larissa (1930 AC),8.97E+17,4.54E+11,-3.73E+11,-9545.692619,-11611.75886,0,0
1841 Masaryk (1971 UO1),1841 Masaryk (1971 UO1),8.94E+17,4.19E+11,-2.97E+11,-9292.731321,-13116.03377,0,0
1838 Ursa (1971 UC),1838 Ursa (1971 UC),8.90E+17,1.32E+11,4.62E+11,15970.78023,-4573.624812,0,0
2826 Ahti (1939 UJ),2826 Ahti (1939 UJ),8.88E+17,-3.21E+11,3.59E+11,12382.69054,11050.93813,0,0
2421 Nininger (1979 UD),2421 Nininger (1979 UD),8.78E+17,-3.02E+11,3.78E+11,12948.09277,10326.28408,0,0
1070 Tunica (1926 RB),1070 Tunica (1926 RB),8.70E+17,4.83E+11,24132124022,826.6548747,-16545.27833,0,0
5711 Eneev (1978 SO4),5711 Eneev (1978 SO4),8.62E+17,5.59E+11,-1.90E+11,-4820.672825,-14200.8033,0,0
863 Benkoela (1917 BH),863 Benkoela (1917 BH),8.61E+17,-3.84E+11,-2.87E+11,-9973.23468,13326.06661,0,0
4317 Garibaldi (1980 DA1),4317 Garibaldi (1980 DA1),8.58E+17,-2.13E+11,5.58E+11,13929.63722,5310.779124,0,0
5914 Kathywhaler (1990 WK),5914 Kathywhaler (1990 WK),8.47E+17,-31378390920,-5.29E+11,-15799.736,937.4579596,0,0
1456 Saldanha (1937 NG),1456 Saldanha (1937 NG),8.40E+17,-2.96E+11,-3.77E+11,-13083.02056,10272.80314,0,0
2127 Tanya (1971 KB1),2127 Tanya (1971 KB1),8.39E+17,1.73E+11,4.49E+11,15509.57508,-5967.263004,0,0
6237 Chikushi (1989 CV),6237 Chikushi (1989 CV),8.31E+17,5.44E+11,2.25E+11,5733.463989,-13874.67487,0,0
4169 Celsius (1980 FO3),4169 Celsius (1980 FO3),8.29E+17,4.78E+11,1.75E+11,5543.558589,-15162.56205,0,0
3024 Hainan (1981 UW9),3024 Hainan (1981 UW9),8.26E+17,1.89E+11,-4.75E+11,-14979.0521,-5956.100263,0,0
7588 (1992 FJ1),7588 (1992 FJ1),8.23E+17,-94784436267,4.71E+11,16292.13077,3277.964798,0,0
4014 Heizman (1979 SG10),4014 Heizman (1979 SG10),8.18E+17,-99290218039,5.02E+11,15796.24693,3123.458611,0,0
4196 Shuya (1982 SA13),4196 Shuya (1982 SA13),8.16E+17,59978742293,-5.82E+11,-14987.19169,-1545.728842,0,0
3655 Eupraksia (1978 SA3),3655 Eupraksia (1978 SA3),8.15E+17,5.77E+11,1.68E+11,4154.242309,-14263.87358,0,0
3415 Danby (1928 SL),3415 Danby (1928 SL),8.13E+17,5.15E+11,-2.94E+11,-7413.631908,-12995.79441,0,0
3248 Farinella (1982 FK),3248 Farinella (1982 FK),8.12E+17,84448736629,4.72E+11,16376.32602,-2929.879974,0,0
4003 Schumann (1964 ED),4003 Schumann (1964 ED),8.03E+17,-5.01E+11,-1.10E+11,-3457.260749,15708.58929,0,0
3141 Buchar (1984 RH),3141 Buchar (1984 RH),8.01E+17,-4.02E+11,3.11E+11,9887.533454,12770.08521,0,0
3202 Graff (A908 AA),3202 Graff (A908 AA),7.98E+17,3.42E+11,4.78E+11,12212.17187,-8746.31386,0,0
2483 Guinevere (1928 QB),2483 Guinevere (1928 QB),7.93E+17,-2.35E+11,-5.45E+11,-13728.49463,5927.107262,0,0
3990 Heimdal (1987 SO3),3990 Heimdal (1987 SO3),7.93E+17,3.32E+11,4.88E+11,12400.77274,-8438.364175,0,0
1877 Marsden (1971 FC),1877 Marsden (1971 FC),7.92E+17,1.21E+11,-5.79E+11,-14667.4765,-3061.707717,0,0
1091 Spiraea (1928 DT),1091 Spiraea (1928 DT),7.82E+17,5.00E+11,1.04E+11,3271.436379,-15784.39288,0,0
2891 McGetchin (1980 MD),2891 McGetchin (1980 MD),7.79E+17,-4.76E+11,1.58E+11,5107.66475,15439.06111,0,0
3571 Milanstefanik (1982 EJ),3571 Milanstefanik (1982 EJ),7.76E+17,4.36E+11,3.96E+11,10089.09061,-11108.33441,0,0
5368 Vitagliano (1984 SW5),5368 Vitagliano (1984 SW5),7.73E+17,-5.45E+11,-2.35E+11,-5916.166514,13733.04887,0,0
3419 Guth (1981 JZ),3419 Guth (1981 JZ),7.69E+17,4.62E+11,1.33E+11,4602.264808,-15967.0783,0,0
5661 Hildebrand (1977 PO1),5661 Hildebrand (1977 PO1),7.64E+17,4.75E+11,3.56E+11,8969.075502,-11968.47497,0,0
1101 Clematis (1928 SJ),1101 Clematis (1928 SJ),7.50E+17,-4.62E+11,1.43E+11,4894.437158,15826.8847,0,0
2634 James Bradley (1982 DL),2634 James Bradley (1982 DL),7.49E+17,1.20E+11,5.03E+11,15572.29527,-3726.709266,0,0
3368 Duncombe (1985 QT),3368 Duncombe (1985 QT),7.41E+17,-3.96E+11,-3.16E+11,-10097.2516,12655.7353,0,0
4236 Lidov (1979 FV1),4236 Lidov (1979 FV1),7.31E+17,-5.12E+11,50790653653,1585.338278,15981.7998,0,0
2959 Scholl (1983 RE2),2959 Scholl (1983 RE2),7.29E+17,2.42E+11,-5.39E+11,-13676.1357,-6127.380723,0,0
3561 Devine (1983 HO),3561 Devine (1983 HO),7.28E+17,-2.46E+11,5.39E+11,13615.03308,6215.05554,0,0
4617 Zadunaisky (1976 DK),4617 Zadunaisky (1976 DK),7.26E+17,-2.34E+11,-4.20E+11,-14535.92391,8073.512977,0,0
3396 Muazzez (A915 TE),3396 Muazzez (A915 TE),7.23E+17,-3.32E+11,3.85E+11,12234.91612,10553.93681,0,0
7394 Xanthomalitia (1985 QX4),7394 Xanthomalitia (1985 QX4),7.22E+17,-2.97E+11,-5.07E+11,-12966.73482,7588.631761,0,0
1163 Saga (1930 BA),1163 Saga (1930 BA),7.21E+17,-2.95E+11,3.80E+11,13130.02888,10169.17994,0,0
6359 Dubinin (1977 AZ1),6359 Dubinin (1977 AZ1),7.09E+17,-4.15E+11,-2.43E+11,-8406.580683,14325.87143,0,0
3278 Behounek (1984 BT),3278 Behounek (1984 BT),6.99E+17,60563012882,-4.77E+11,-16475.702,-2090.377265,0,0
4045 Lowengrub (1953 RG),4045 Lowengrub (1953 RG),6.96E+17,4.62E+11,-1.40E+11,-4806.964765,-15864.19147,0,0
3254 Bus (1982 UM),3254 Bus (1982 UM),6.91E+17,5.58E+11,-2.10E+11,-5263.978436,-13957.60407,0,0
3843 OISCA (1987 DM),3843 OISCA (1987 DM),6.84E+17,-5.05E+11,-3.18E+11,-7942.490511,12627.35097,0,0
5337 Aoki (1991 LD),5337 Aoki (1991 LD),6.84E+17,-3.87E+11,-2.83E+11,-9820.210095,13430.6688,0,0
4436 Ortizmoreno (1983 EX),4436 Ortizmoreno (1983 EX),6.83E+17,-4.51E+11,-1.84E+11,-6241.655716,15286.40769,0,0
6137 Johnfletcher (1991 BY),6137 Johnfletcher (1991 BY),6.83E+17,4.81E+11,1773420316,61.26115199,-16612.21145,0,0
4208 Kiselev (1986 RQ2),4208 Kiselev (1986 RQ2),6.76E+17,2.13E+11,4.31E+11,14904.6049,-7356.107431,0,0
5928 Pindarus (1973 SK1),5928 Pindarus (1973 SK1),6.76E+17,-2.53E+11,5.39E+11,13520.72585,6338.928736,0,0
835 Olivia (1916 AE),835 Olivia (1916 AE),6.76E+17,-4.74E+11,-84875921550,-2926.831888,16342.6167,0,0
3092 Herodotus (6550 P-L),3092 Herodotus (6550 P-L),6.74E+17,-5.23E+11,79677912850,2385.166692,15657.33891,0,0
3095 Omarkhayyam (1980 RT2),3095 Omarkhayyam (1980 RT2),6.71E+17,81157671327,-5.16E+11,-15747.13299,-2477.077759,0,0
3923 Radzievskij (1976 SN3),3923 Radzievskij (1976 SN3),6.64E+17,77176434661,-5.87E+11,-14840.92036,-1950.310103,0,0
6924 Fukui (1993 TP),6924 Fukui (1993 TP),6.58E+17,-1.15E+11,-4.94E+11,-15748.56496,3681.626099,0,0
6057 Robbia (5182 T-3),6057 Robbia (5182 T-3),6.53E+17,4.57E+11,1.94E+11,6379.072013,-15047.51958,0,0
1832 Mrkos (1969 PC),1832 Mrkos (1969 PC),6.52E+17,4.77E+11,69542457130,2395.921278,-16423.81598,0,0
2932 Kempchinsky (1980 TK4),2932 Kempchinsky (1980 TK4),6.51E+17,-27475020397,5.43E+11,15609.17378,790.3657567,0,0
3967 Shekhtelia (1976 YW2),3967 Shekhtelia (1976 YW2),6.51E+17,-4.37E+11,2.12E+11,7209.379116,14873.34485,0,0
645 Agrippina (1907 AG),645 Agrippina (1907 AG),6.43E+17,4.70E+11,-1.07E+11,-3674.521227,-16174.67859,0,0
2582 Harimaya-Bashi (1981 SA),2582 Harimaya-Bashi (1981 SA),6.42E+17,2.47E+11,-4.11E+11,-14269.29338,-8565.345852,0,0
4663 Falta (1984 SM1),4663 Falta (1984 SM1),6.41E+17,-56582572808,-4.77E+11,-16505.53137,1957.737565,0,0
6103 (1993 HV),6103 (1993 HV),6.39E+17,-2.09E+11,4.67E+11,14689.62313,6581.072492,0,0
1556 Wingolfia (1942 AA),1556 Wingolfia (1942 AA),6.37E+17,-1.12E+11,5.00E+11,15698.5462,3528.987799,0,0
4446 Carolyn (1985 TT),4446 Carolyn (1985 TT),6.37E+17,-2.80E+11,-5.27E+11,-13169.6329,6993.719498,0,0
4230 van den Bergh (1973 ST1),4230 van den Bergh (1973 ST1),6.32E+17,-1.87E+11,5.60E+11,14226.52458,4745.593978,0,0
3902 Yoritomo (1986 AL),3902 Yoritomo (1986 AL),6.31E+17,-4.51E+11,-1.73E+11,-5930.695258,15485.43855,0,0
6355 Univermoscow (1969 TX5),6355 Univermoscow (1969 TX5),6.31E+17,21360411202,4.79E+11,16628.21471,-742.2075015,0,0
3565 Ojima (1986 YD),3565 Ojima (1986 YD),6.25E+17,3.87E+11,-2.82E+11,-9804.510453,-13450.24975,0,0
1901 Moravia (1972 AD),1901 Moravia (1972 AD),6.24E+17,-2.80E+11,3.96E+11,13507.9975,9561.522996,0,0
5360 Rozhdestvenskij (1975 VD9),5360 Rozhdestvenskij (1975 VD9),6.24E+17,-4.72E+11,1.13E+11,3858.346675,16080.65499,0,0
2846 Ylppo (1942 CJ),2846 Ylppo (1942 CJ),6.22E+17,-3.96E+11,-2.75E+11,-9477.102019,13624.798,0,0
4973 Showa (1990 FT),4973 Showa (1990 FT),6.21E+17,-5.12E+11,33069368840,1036.53407,16049.24453,0,0
1229 Tilia (1931 TP1),1229 Tilia (1931 TP1),6.18E+17,44651751287,-4.81E+11,-16511.29062,-1534.135203,0,0
3727 Maxhell (1981 PQ),3727 Maxhell (1981 PQ),6.15E+17,-3.89E+11,-3.09E+11,-10176.35647,12792.73837,0,0
8376 (1992 OZ9),8376 (1992 OZ9),6.15E+17,-56412739851,5.94E+11,14843.48631,1408.999213,0,0
6222 (1980 PB3),6222 (1980 PB3),6.10E+17,4.84E+11,-41609518342,-1416.910741,-16472.33176,0,0
3273 Drukar (1975 TS2),3273 Drukar (1975 TS2),6.09E+17,1.92E+11,-4.72E+11,-14945.07343,-6096.570632,0,0
1371 Resi (1935 QJ),1371 Resi (1935 QJ),6.03E+17,1.85E+11,4.42E+11,15353.51761,-6433.249676,0,0
5833 Peterson (1991 PQ),5833 Peterson (1991 PQ),6.02E+17,-65756637837,5.19E+11,15806.25011,2003.995328,0,0
1362 Griqua (1935 QG1),1362 Griqua (1935 QG1),5.99E+17,-2.96E+11,3.79E+11,13098.25109,10218.6168,0,0
6983 Komatsusakyo (1993 YC),6983 Komatsusakyo (1993 YC),5.98E+17,-4.35E+11,-2.08E+11,-7153.997555,14976.69346,0,0
1489 Attila (1939 GC),1489 Attila (1939 GC),5.95E+17,2.55E+11,-4.06E+11,-14096.57618,-8852.808505,0,0
5024 Bechmann (1985 VP),5024 Bechmann (1985 VP),5.92E+17,1.50E+11,4.58E+11,15771.35601,-5145.850977,0,0
3495 Colchagua (1981 NU),3495 Colchagua (1981 NU),5.85E+17,-3.28E+11,-3.53E+11,-12165.27988,11295.83615,0,0
4071 Rostovdon (1981 RD2),4071 Rostovdon (1981 RD2),5.77E+17,29993628234,4.79E+11,16599.50994,-1039.796121,0,0
1477 Bonsdorffia (1938 CC),1477 Bonsdorffia (1938 CC),5.74E+17,-4.12E+11,-2.49E+11,-8599.850576,14209.32264,0,0
2707 Ueferji (1981 QS3),2707 Ueferji (1981 QS3),5.74E+17,-16504791598,4.79E+11,16637.24271,573.7340322,0,0
3660 Lazarev (1978 QX2),3660 Lazarev (1978 QX2),5.74E+17,1.63E+11,4.54E+11,15614.18658,-5617.08518,0,0
3845 Neyachenko (1979 SA10),3845 Neyachenko (1979 SA10),5.74E+17,-68281117681,5.08E+11,15941.00562,2140.790242,0,0
2848 ASP (1959 VF),2848 ASP (1959 VF),5.73E+17,3.96E+11,2.70E+11,9363.762796,-13749.31249,0,0
4318 Bata (1980 DE1),4318 Bata (1980 DE1),5.73E+17,4.79E+11,-52209598939,-1797.135626,-16495.05221,0,0
1890 Konoshenkova (1968 CD),1890 Konoshenkova (1968 CD),5.71E+17,-3.27E+11,-3.52E+11,-12172.09183,11321.20751,0,0
8086 Peterthomas (1989 RB6),8086 Peterthomas (1989 RB6),5.70E+17,-4.71E+11,-3.58E+11,-9060.354759,11919.37912,0,0
5495 Rumyantsev (1972 RY3),5495 Rumyantsev (1972 RY3),5.67E+17,4.38E+11,2.63E+11,8313.067087,-13812.90338,0,0
7174 Semois (1988 SQ),7174 Semois (1988 SQ),5.67E+17,-5.45E+11,-2.47E+11,-6145.543956,13574.44003,0,0
6574 Gvishiani (1976 QE1),6574 Gvishiani (1976 QE1),5.64E+17,-3.29E+11,3.88E+11,12318.63285,10455.14777,0,0
6392 Takashimizuno (1990 HR),6392 Takashimizuno (1990 HR),5.60E+17,26577819162,4.80E+11,16583.51879,-917.5353875,0,0
2702 Batrakov (1978 SZ2),2702 Batrakov (1978 SZ2),5.54E+17,-4.88E+11,-1.48E+11,-4681.863286,15441.61448,0,0
3766 Junepatterson (1983 BF),3766 Junepatterson (1983 BF),5.52E+17,-2.87E+11,-3.91E+11,-13323.17291,9801.60537,0,0
6052 Junichi (1992 CE1),6052 Junichi (1992 CE1),5.50E+17,-38661583350,-4.84E+11,-16480.28785,1316.435996,0,0
745 Mauritia (1913 QX),745 Mauritia (1913 QX),5.49E+17,3.14E+11,3.74E+11,12637.27642,-10588.22839,0,0
7458 (1984 DE1),7458 (1984 DE1),5.49E+17,74323550198,5.54E+11,15274.64236,-2049.98729,0,0
3015 Candy (1980 VN),3015 Candy (1980 VN),5.45E+17,-2.04E+11,4.64E+11,14810.87388,6526.389334,0,0
3021 Lucubratio (1967 CB),3021 Lucubratio (1967 CB),5.43E+17,-3.72E+11,3.02E+11,10498.18291,12911.07625,0,0
4495 Dassanowsky (1988 VS),4495 Dassanowsky (1988 VS),5.43E+17,2.07E+11,-5.56E+11,-14022.66538,-5215.054105,0,0
7217 Dacke (1979 QX3),7217 Dacke (1979 QX3),5.43E+17,4.49E+11,-1.71E+11,-5909.471443,-15531.40529,0,0
7215 Gerhard (1977 FS),7215 Gerhard (1977 FS),5.41E+17,1.83E+11,4.44E+11,15368.78569,-6349.642015,0,0
1175 Margo (1930 UD),1175 Margo (1930 UD),5.39E+17,2.99E+11,-3.76E+11,-12999.14506,-10348.92484,0,0
7466 (1989 VC2),7466 (1989 VC2),5.31E+17,4.27E+11,-2.61E+11,-8489.166172,-13891.51244,0,0
7027 Toshihanda (1993 XT),7027 Toshihanda (1993 XT),5.30E+17,5.93E+11,28124001580,709.1330687,-14940.58084,0,0
7574 (1989 WO1),7574 (1989 WO1),5.28E+17,4.73E+11,-2.01E+11,-6290.118298,-14779.45596,0,0
8130 Seeberg (1976 DJ1),8130 Seeberg (1976 DJ1),5.25E+17,5.44E+11,2.48E+11,6174.525042,-13562.63169,0,0
5704 Schumacher (1950 DE),5704 Schumacher (1950 DE),5.24E+17,-62419913052,-4.77E+11,-16461.12195,2151.901538,0,0
7284 (1989 VW),7284 (1989 VW),5.20E+17,5.88E+11,88056821526,2211.345072,-14772.64867,0,0
5780 Lafontaine (1990 EJ2),5780 Lafontaine (1990 EJ2),5.02E+17,-4.75E+11,1.59E+11,5165.621695,15439.94473,0,0
2114 Wallenquist (1976 HA),2114 Wallenquist (1976 HA),5.01E+17,-4.68E+11,-1.03E+11,-3593.08928,16255.64576,0,0
5439 Couturier (1990 RW),5439 Couturier (1990 RW),4.91E+17,2.74E+11,5.23E+11,13282.13801,-6951.320785,0,0
3514 Hooke (1971 UJ),3514 Hooke (1971 UJ),4.90E+17,-46265696453,5.90E+11,14925.03708,1169.705856,0,0
6039 Parmenides (1989 RS),6039 Parmenides (1989 RS),4.90E+17,4.07E+11,-3.09E+11,-9739.295341,-12827.44473,0,0
1491 Balduinus (1938 EJ),1491 Balduinus (1938 EJ),4.88E+17,4.34E+11,-2.16E+11,-7375.17321,-14809.2096,0,0
6079 Gerokurat (1981 DG3),6079 Gerokurat (1981 DG3),4.88E+17,-3.62E+11,-3.15E+11,-10921.56024,12545.77623,0,0
2342 Lebedev (1968 UQ),2342 Lebedev (1968 UQ),4.87E+17,-4.76E+11,-71885151650,-2480.23557,16419.42947,0,0
4746 Doi (1989 TP1),4746 Doi (1989 TP1),4.87E+17,-21549702082,4.80E+11,16599.99397,745.0032009,0,0
3622 Ilinsky (1981 SX7),3622 Ilinsky (1981 SX7),4.86E+17,3.86E+11,3.29E+11,10490.07321,-12308.48723,0,0
5362 Johnyoung (1978 CH),5362 Johnyoung (1978 CH),4.86E+17,-2.46E+11,4.43E+11,14153.95772,7852.57206,0,0
6546 Kaye (1987 DY4),6546 Kaye (1987 DY4),4.81E+17,-2.12E+11,4.33E+11,14892.77951,7297.962862,0,0
6462 Myougi (1994 AF2),6462 Myougi (1994 AF2),4.77E+17,3.35E+11,-3.43E+11,-11918.59614,-11609.3277,0,0
2667 Oikawa (1967 UO),2667 Oikawa (1967 UO),4.72E+17,1.88E+11,4.45E+11,15277.4879,-6445.582023,0,0
4192 Breysacher (1981 DH),4192 Breysacher (1981 DH),4.72E+17,-15852168077,-4.80E+11,-16618.90231,549.1472936,0,0
3012 Minsk (1979 QU9),3012 Minsk (1979 QU9),4.68E+17,-1.47E+11,4.59E+11,15800.45863,5060.430869,0,0
5528 (1992 AJ),5528 (1992 AJ),4.67E+17,2.39E+11,4.23E+11,14386.59674,-8131.7964,0,0
5301 Novobranets (1974 SD3),5301 Novobranets (1974 SD3),4.66E+17,2.42E+11,4.41E+11,14244.61441,-7811.069526,0,0
3966 Cherednichenko (1976 SD3),3966 Cherednichenko (1976 SD3),4.64E+17,-4.25E+11,-2.31E+11,-7898.207764,14563.25082,0,0
5733 (1989 AQ),5733 (1989 AQ),4.59E+17,-2.55E+11,4.07E+11,14094.44176,8815.978164,0,0
1922 Zulu (1949 HC),1922 Zulu (1949 HC),4.57E+17,3.40E+11,-3.44E+11,-11783.6817,-11637.9472,0,0
8030 Williamknight (1991 SK),8030 Williamknight (1991 SK),4.57E+17,-3.48E+11,3.36E+11,11509.12546,11918.66092,0,0
4870 Shcherban' (1989 UK8),4870 Shcherban' (1989 UK8),4.45E+17,3.29E+11,3.51E+11,12123.50927,-11367.76645,0,0
7501 Farra (1996 VD3),7501 Farra (1996 VD3),4.45E+17,59724357261,-4.94E+11,-16214.4148,-1960.620419,0,0
1395 Aribeda (1936 OB),1395 Aribeda (1936 OB),4.43E+17,3.02E+11,3.72E+11,12932.23576,-10481.51288,0,0
1956 Artek (1969 TX1),1956 Artek (1969 TX1),4.43E+17,-4.62E+11,1.26E+11,4387.148072,16059.34321,0,0
3071 Nesterov (1973 FT1),3071 Nesterov (1973 FT1),4.43E+17,4.48E+11,-1.72E+11,-5960.935317,-15519.37954,0,0
3785 Kitami (1986 WM),3785 Kitami (1986 WM),4.39E+17,7320068946,-4.85E+11,-16546.77941,-249.9692144,0,0
7662 (1994 RM1),7662 (1994 RM1),4.38E+17,-4.74E+11,96441015227,3298.608419,16225.62821,0,0
4337 Arecibo (1985 GB),4337 Arecibo (1985 GB),4.37E+17,-3.79E+11,3.07E+11,10379.02686,12822.7796,0,0
3916 Maeva (1981 QA3),3916 Maeva (1981 QA3),4.35E+17,4.83E+11,-44747789791,-1525.583217,-16469.18089,0,0
6124 Mecklenburg (1987 SL10),6124 Mecklenburg (1987 SL10),4.35E+17,-5.83E+11,1.24E+11,3091.960666,14597.3235,0,0
7551 Edstolper (1981 EF26),7551 Edstolper (1981 EF26),4.35E+17,-4.80E+11,-19166636980,-662.663997,16603.87521,0,0
1373 Cincinnati (1935 QN),1373 Cincinnati (1935 QN),4.32E+17,-5.11E+11,22096188114,695.7499634,16092.08499,0,0
4758 Hermitage (1978 SN4),4758 Hermitage (1978 SN4),4.32E+17,3.01E+11,3.74E+11,12945.10192,-10429.82026,0,0
2722 Abalakin (1976 GM2),2722 Abalakin (1976 GM2),4.30E+17,-4.28E+11,-2.18E+11,-7553.71999,14815.15669,0,0
6890 Savinykh (1975 RP),6890 Savinykh (1975 RP),4.27E+17,-2.33E+11,-4.20E+11,-14542.73265,8056.219213,0,0
6340 Kathmandu (1993 TF2),6340 Kathmandu (1993 TF2),4.24E+17,4.75E+11,94324517115,3228.754774,-16244.09792,0,0
5446 Heyler (1991 PB13),5446 Heyler (1991 PB13),4.20E+17,78396656559,-4.74E+11,-16396.60979,-2711.555488,0,0
3675 Kemstach (1982 YP1),3675 Kemstach (1982 YP1),4.18E+17,-1.31E+11,-4.87E+11,-15666.82119,4209.621082,0,0
6996 Alvensleben (2222 T-2),6996 Alvensleben (2222 T-2),4.18E+17,-4.82E+11,-1.75E+11,-5472.43346,15125.9396,0,0
6759 (1980 KD),6759 (1980 KD),4.15E+17,-11710622792,4.83E+11,16567.16869,401.5964092,0,0
6677 Renoir (3045 T-3),6677 Renoir (3045 T-3),4.13E+17,4.86E+11,-1110972856,-37.76965432,-16524.10565,0,0
7029 (1993 XT2),7029 (1993 XT2),3.99E+17,-4.52E+11,1.77E+11,6041.615509,15391.71027,0,0
1317 Silvretta (1935 RC),1317 Silvretta (1935 RC),3.98E+17,4.55E+11,-1.49E+11,-5187.549966,-15811.12509,0,0
2721 Vsekhsvyatskij (1973 SP2),2721 Vsekhsvyatskij (1973 SP2),3.94E+17,2.82E+11,-3.94E+11,-13462.86038,-9625.553232,0,0
5021 Krylania (1982 VK12),5021 Krylania (1982 VK12),3.89E+17,4.21E+11,2.31E+11,8011.759401,-14569.01977,0,0
7710 Ishibashi (1994 WT2),7710 Ishibashi (1994 WT2),3.89E+17,74446356182,5.06E+11,15941.99764,-2347.054317,0,0
6351 Neumann (4277 T-1),6351 Neumann (4277 T-1),3.87E+17,22265031011,4.86E+11,16502.23939,-756.3122266,0,0
6062 Vespa (1983 JQ),6062 Vespa (1983 JQ),3.84E+17,14304982258,-4.81E+11,-16601.98191,-493.884796,0,0
1941 Wild (1931 TN1),1941 Wild (1931 TN1),3.80E+17,5.54E+11,-2.07E+11,-5231.794502,-14034.4818,0,0
4741 Leskov (1985 VP3),4741 Leskov (1985 VP3),3.79E+17,-3.54E+11,-3.28E+11,-11266.69069,12167.63256,0,0
4158 Santini (1989 BE),4158 Santini (1989 BE),3.73E+17,21488703419,-5.09E+11,-16132.33428,-681.6258694,0,0
3962 Valyaev (1967 CC),3962 Valyaev (1967 CC),3.62E+17,-4.68E+11,-1.12E+11,-3855.647773,16159.33827,0,0
8453 (1981 EQ),8453 (1981 EQ),3.62E+17,-4.55E+11,-1.50E+11,-5197.991973,15809.70393,0,0
7222 Alekperov (1981 TJ3),7222 Alekperov (1981 TJ3),3.57E+17,-4.03E+11,-2.65E+11,-9113.81373,13852.6578,0,0
7226 Kryl (1984 QJ),7226 Kryl (1984 QJ),3.57E+17,-4.01E+11,-2.66E+11,-9189.718219,13835.86635,0,0
4234 Evtushenko (1978 JT1),4234 Evtushenko (1978 JT1),3.49E+17,45357025769,-4.77E+11,-16564.85218,-1574.522248,0,0
5570 Kirsan (1976 GM7),5570 Kirsan (1976 GM7),3.44E+17,1.76E+11,4.50E+11,15426.24681,-6036.064568,0,0
7322 Lavrentina (1979 SW2),7322 Lavrentina (1979 SW2),3.44E+17,-2.15E+11,-4.28E+11,-14879.56758,7463.9021,0,0
8374 Horohata (1992 AK1),8374 Horohata (1992 AK1),3.42E+17,-1.19E+11,-4.67E+11,-16083.59086,4106.704366,0,0
8409 Valentaugustus (1995 WB43),8409 Valentaugustus (1995 WB43),3.40E+17,4.76E+11,-60339929478,-2093.488785,-16504.22523,0,0
5957 Irina (1988 JN),5957 Irina (1988 JN),3.39E+17,-2.69E+11,-4.02E+11,-13769.78996,9205.499615,0,0
7051 Sean (1985 JY),7051 Sean (1985 JY),3.39E+17,-3.78E+11,3.02E+11,10328.02235,12940.51048,0,0
2673 Lossignol (1980 KN),2673 Lossignol (1980 KN),3.36E+17,-4.79E+11,-29820004000,-1034.466817,16603.54839,0,0
3821 Sonet (1985 RC3),3821 Sonet (1985 RC3),3.36E+17,-34364205114,4.82E+11,16529.40027,1178.31638,0,0
4244 Zakharchenko (1981 TO3),4244 Zakharchenko (1981 TO3),3.36E+17,2.83E+11,3.87E+11,13437.75715,-9804.821518,0,0
4255 Spacewatch (1986 GW),4255 Spacewatch (1986 GW),3.36E+17,3.40E+11,4.88E+11,12249.25815,-8552.087747,0,0
3933 Portugal (1986 EN4),3933 Portugal (1986 EN4),3.32E+17,-2.60E+11,-4.11E+11,-13953.73799,8842.874424,0,0
6697 Celentano (1987 HM1),6697 Celentano (1987 HM1),3.32E+17,4.35E+11,-2.10E+11,-7215.476758,-14921.03945,0,0
4393 Dawe (1978 VP8),4393 Dawe (1978 VP8),3.27E+17,-4.81E+11,-31275181219,-1075.868012,16554.28349,0,0
7270 Punkin (1978 NY7),7270 Punkin (1978 NY7),3.27E+17,-1.20E+11,-4.65E+11,-16090.48033,4149.045524,0,0
8247 Cherylhall (1979 SP14),8247 Cherylhall (1979 SP14),3.26E+17,1.00E+11,4.71E+11,16233.24147,-3461.280735,0,0
3010 Ushakov (1978 SB5),3010 Ushakov (1978 SB5),3.22E+17,3.79E+11,2.99E+11,10276.79759,-13005.99264,0,0
7038 Tokorozawa (1995 DJ2),7038 Tokorozawa (1995 DJ2),3.21E+17,-4.69E+11,1.04E+11,3595.937223,16225.21621,0,0
5770 (1987 RY),5770 (1987 RY),3.18E+17,-4.17E+11,-2.37E+11,-8225.752023,14458.68144,0,0
7077 Shermanschultz (1982 VZ),7077 Shermanschultz (1982 VZ),3.15E+17,4.79E+11,16769150904,581.9361539,-16627.54692,0,0
8482 Wayneolm (1988 RA11),8482 Wayneolm (1988 RA11),3.14E+17,1.53E+11,4.75E+11,15523.49207,-4999.527395,0,0
5157 Hindemith (1973 UB5),5157 Hindemith (1973 UB5),3.13E+17,3.65E+11,-3.13E+11,-10822.48495,-12611.46292,0,0
3789 Zhongguo (1928 UF),3789 Zhongguo (1928 UF),3.11E+17,4.70E+11,1.44E+11,4826.599981,-15707.01466,0,0
6739 Tarendo (1993 FU38),6739 Tarendo (1993 FU38),3.11E+17,2.75E+11,-3.98E+11,-13624.14616,-9417.606413,0,0
4098 Thraen (1987 WQ1),4098 Thraen (1987 WQ1),3.08E+17,-3.96E+11,-2.77E+11,-9485.453882,13590.97257,0,0
2485 Scheffler (1932 BH),2485 Scheffler (1932 BH),3.03E+17,-2.96E+11,3.86E+11,13114.05829,10037.84387,0,0
4814 Casacci (1978 RW),4814 Casacci (1978 RW),3.03E+17,2.53E+11,-4.12E+11,-14119.62393,-8656.590142,0,0
5221 Fabribudweis (1980 FB),5221 Fabribudweis (1980 FB),3.03E+17,1.84E+11,4.45E+11,15340.85581,-6351.599372,0,0
3601 Velikhov (1979 SP9),3601 Velikhov (1979 SP9),2.99E+17,-4.83E+11,-42572873443,-1452.945423,16481.50959,0,0
8076 Foscarini (1985 RV4),8076 Foscarini (1985 RV4),2.97E+17,-2.12E+11,4.30E+11,14930.56956,7343.977947,0,0
8410 Hiroakiohno (1996 QZ1),8410 Hiroakiohno (1996 QZ1),2.92E+17,24252534492,4.82E+11,16554.97254,-832.2795038,0,0
7382 Bozhenkova (1981 RJ5),7382 Bozhenkova (1981 RJ5),2.88E+17,2.72E+11,3.95E+11,13702.30612,-9445.751094,0,0
8075 Roero (1985 PE),8075 Roero (1985 PE),2.81E+17,1.67E+11,-4.49E+11,-15608.11226,-5792.459247,0,0
6300 Hosamu (1988 YB),6300 Hosamu (1988 YB),2.78E+17,3.08E+11,-3.76E+11,-12781.42451,-10468.45593,0,0
8227 (1996 VD4),8227 (1996 VD4),2.77E+17,2.58E+11,4.05E+11,14026.36536,-8927.105109,0,0
7461 Kachmokiam (1984 TD),7461 Kachmokiam (1984 TD),2.71E+17,-1.92E+11,4.40E+11,15236.25662,6667.374853,0,0
7639 Offutt (1985 DC1),7639 Offutt (1985 DC1),2.71E+17,-4.44E+11,1.93E+11,6590.576151,15193.35679,0,0
7944 (1991 PR12),7944 (1991 PR12),2.71E+17,3.01E+11,3.73E+11,12940.81451,-10446.89215,0,0
6531 Subashiri (1994 YY),6531 Subashiri (1994 YY),2.69E+17,4.75E+11,84312769391,2896.971641,-16327.72837,0,0
4985 Fitzsimmons (1979 QK4),4985 Fitzsimmons (1979 QK4),2.63E+17,4.71E+11,-1.17E+11,-3991.041367,-16046.37162,0,0
6832 Kawabata (1992 FP),6832 Kawabata (1992 FP),2.62E+17,4.74E+11,85678304125,2950.567,-16330.85666,0,0
3797 Ching-Sung Yu (1987 YL),3797 Ching-Sung Yu (1987 YL),2.60E+17,-3.73E+11,-3.07E+11,-10530.4276,12795.76854,0,0
4846 Tuthmosis (6575 P-L),4846 Tuthmosis (6575 P-L),2.58E+17,3.89E+11,-2.83E+11,-9778.601815,-13423.61216,0,0
8322 Kononovich (1978 RL1),8322 Kononovich (1978 RL1),2.58E+17,4.83E+11,-12842892284,-441.0249289,-16573.68083,0,0
6618 Jimsimons (1936 SO),6618 Jimsimons (1936 SO),2.56E+17,2.06E+11,1.90E+11,14725.59407,-16009.28034,0,0
6227 Alanrubin (1981 EQ42),6227 Alanrubin (1981 EQ42),2.54E+17,-1.98E+11,4.42E+11,15113.48257,6763.707893,0,0
6930 (1994 VJ3),6930 (1994 VJ3),2.52E+17,-4.78E+11,-42008231591,-1455.668068,16565.77026,0,0
4177 Kohman (1987 SS1),4177 Kohman (1987 SS1),2.46E+17,-4.38E+11,2.28E+11,7556.647392,14551.28911,0,0
2921 Sophocles (6525 P-L),2921 Sophocles (6525 P-L),2.34E+17,-4.34E+11,-2.19E+11,-7456.870471,14745.17202,0,0
3353 Jarvis (1981 YC),3353 Jarvis (1981 YC),2.34E+17,-2.65E+11,87483370550,6849.513838,20718.6072,0,0
3290 Azabu (1973 SZ1),3290 Azabu (1973 SZ1),2.26E+17,-4.71E+11,3.58E+11,9053.432887,11928.79464,0,0
6622 Matvienko (1978 RG1),6622 Matvienko (1978 RG1),2.23E+17,-18686473935,4.84E+11,16540.89907,638.6418279,0,0
4423 Golden (1949 GH),4423 Golden (1949 GH),2.19E+17,-4.29E+11,2.70E+11,8613.208521,13692.70239,0,0
7613 `Akikiki (1996 DK),7613 `Akikiki (1996 DK),2.10E+17,-4.55E+11,1.66E+11,5670.795525,15559.47115,0,0
4490 Bambery (1988 ND),4490 Bambery (1988 ND),2.07E+17,1.89E+11,2.19E+11,16212.46197,-14019.1709,0,0
7371 El-Baz (1978 VA6),7371 El-Baz (1978 VA6),2.05E+17,4.71E+11,1.10E+11,3771.295042,-16126.16055,0,0
434 Hungaria (1898 DR),434 Hungaria (1898 DR),1.99E+17,-2.84E+11,63154878884,4637.592197,20850.46962,0,0
8348 Bhattacharyya (1988 BX),8348 Bhattacharyya (1988 BX),1.84E+17,-1.47E+11,2.38E+11,18535.7358,11444.01024,0,0
2131 Mayall (1975 RA),2131 Mayall (1975 RA),1.83E+17,2.49E+11,-1.33E+11,-10214.25017,-19123.80036,0,0
5384 Changjiangcun (1957 VA),5384 Changjiangcun (1957 VA),1.83E+17,-2.76E+11,-88395611737,-6535.501313,20386.66647,0,0
1509 Esclangona (1938 YG),1509 Esclangona (1938 YG),1.82E+17,-1.38E+11,2.44E+11,18963.90534,10757.3928,0,0
3266 Bernardus (1978 PA),3266 Bernardus (1978 PA),1.69E+17,2.37E+11,-1.59E+11,-11974.80285,-17927.80452,0,0
1600 Vyssotsky (1947 UC),1600 Vyssotsky (1947 UC),1.65E+17,51799660803,-2.72E+11,-21517.40489,-4102.401103,0,0
1019 Strackea (1924 QN),1019 Strackea (1924 QN),1.59E+17,2.19E+11,1.84E+11,13891.15468,-16464.72604,0,0
8463 Naomimurdoch (1981 EM27),8463 Naomimurdoch (1981 EM27),1.58E+17,-2.55E+11,-4.05E+11,-14090.02442,8870.591343,0,0
5806 Archieroy (1986 AG1),5806 Archieroy (1986 AG1),1.51E+17,2.75E+11,-1.03E+11,-7427.393109,-19916.96893,0,0
1103 Sequoia (1928 VB),1103 Sequoia (1928 VB),1.49E+17,45196216162,-2.86E+11,-21156.31504,-3346.604985,0,0
8519 (1992 DB10),8519 (1992 DB10),1.49E+17,-35142135884,-4.85E+11,-16481.38754,1194.831088,0,0
1453 Fennia (1938 ED1),1453 Fennia (1938 ED1),1.46E+17,2.84E+11,-7228757589,-550.902525,-21618.98591,0,0
8467 Benoitcarry (1981 ES35),8467 Benoitcarry (1981 ES35),1.43E+17,-1.63E+11,4.51E+11,15640.71345,5649.782482,0,0
4125 Lew Allen (1987 MO),4125 Lew Allen (1987 MO),1.42E+17,-1.15E+11,-2.63E+11,-19687.2937,8607.593646,0,0
4713 Steel (1989 QL),4713 Steel (1989 QL),1.40E+17,-2.19E+11,-1.88E+11,-13963.35003,16294.51025,0,0
3225 Hoag (1982 QQ),3225 Hoag (1982 QQ),1.39E+17,1.17E+11,-2.55E+11,-19738.74853,-9074.203073,0,0
2150 Nyctimene (1977 TA),2150 Nyctimene (1977 TA),1.35E+17,2.67E+11,1.03E+11,7759.687536,-20086.85238,0,0
3688 Navajo (1981 FD),3688 Navajo (1981 FD),1.35E+17,4.44E+11,-1.88E+11,-6459.51929,-15278.97531,0,0
3447 Burckhalter (1956 SC),3447 Burckhalter (1956 SC),1.33E+17,1.01E+11,2.80E+11,19857.76326,-7160.680891,0,0
4483 Petofi (1986 RC2),4483 Petofi (1986 RC2),1.30E+17,2.62E+11,1.20E+11,8931.88402,-19536.808,0,0
6271 Farmer (1991 NF),6271 Farmer (1991 NF),1.25E+17,-1.44E+11,2.57E+11,18519.85283,10377.83379,0,0
7187 Isobe (1992 BW),7187 Isobe (1992 BW),1.20E+17,-2.56E+11,-1.35E+11,-9998.884679,18915.12862,0,0
2272 Montezuma (1972 FA),2272 Montezuma (1972 FA),1.18E+17,39364807788,2.76E+11,21581.90523,-3072.793837,0,0
3940 Larion (1973 FE1),3940 Larion (1973 FE1),1.13E+17,2.96E+11,-24276542199,-1724.314244,-21053.81254,0,0
3043 San Diego (1982 SA),3043 San Diego (1982 SA),1.12E+17,-2.88E+11,9910051978,737.9125603,21446.60987,0,0
3309 Brorfelde (1982 BH),3309 Brorfelde (1982 BH),1.12E+17,2.65E+11,59889804281,4866.668286,-21550.88267,0,0
6901 Roybishop (1989 PA),6901 Roybishop (1989 PA),1.12E+17,1.98E+11,2.13E+11,15646.0217,-14554.99372,0,0
6382 (1988 EL),6382 (1988 EL),1.10E+17,-2.09E+11,-1.75E+11,-14153.99777,16909.11383,0,0
4674 Pauling (1989 JC),4674 Pauling (1989 JC),1.07E+17,2.77E+11,-29592918854,-2324.407524,-21720.74902,0,0
5968 Trauger (1991 FC),5968 Trauger (1991 FC),1.07E+17,2.51E+11,-1.35E+11,-10216.16426,-18985.82277,0,0
5905 Johnson (1989 CJ1),5905 Johnson (1989 CJ1),1.05E+17,1.56E+11,2.40E+11,18079.89312,-11725.67964,0,0
3169 Ostro (1981 LA),3169 Ostro (1981 LA),1.04E+17,-1.89E+11,-2.11E+11,-16137.56378,14436.68361,0,0
4116 Elachi (1982 SU),4116 Elachi (1982 SU),1.04E+17,1.79E+11,2.15E+11,16717.05855,-13939.22085,0,0
Mathilde,Mathilde,1.03E+17,3.77E+11,1.20E+11,5568.045873,-17439.65142,0,0
1025 Riema (1923 NX),1025 Riema (1923 NX),1.02E+17,-2.96E+11,16089896927,1150.488675,21140.08598,0,0
Ida,Ida,1.00E+17,-1.55E+11,3.99E+11,16416.63816,6369.464785,0,0
6107 Osterbrock (1948 AF),6107 Osterbrock (1948 AF),9.70E+16,-1.38E+11,2.43E+11,18947.13321,10792.39158,0,0
5175 Ables (1988 VS4),5175 Ables (1988 VS4),9.52E+16,-2.93E+11,30324118023,2188.573763,21124.11171,0,0
1355 Magoeba (1935 HE),1355 Magoeba (1935 HE),9.50E+16,-1.30E+11,2.45E+11,19313.1011,10276.23227,0,0
8404 (1995 AN),8404 (1995 AN),9.47E+16,1.33E+11,-2.63E+11,-18959.27356,-9555.784325,0,0
7173 Sepkoski (1988 PL1),7173 Sepkoski (1988 PL1),9.19E+16,2.43E+11,1.63E+11,11862.30453,-17686.12418,0,0
6602 Gilclark (1989 EC),6602 Gilclark (1989 EC),9.16E+16,1.27E+11,2.49E+11,19393.54252,-9906.301509,0,0
7086 Bopp (1991 TA1),7086 Bopp (1991 TA1),8.89E+16,96693067433,2.69E+11,20283.08716,-7297.561807,0,0
5577 Priestley (1986 WQ2),5577 Priestley (1986 WQ2),8.87E+16,-1.90E+11,2.00E+11,15924.20398,15080.09201,0,0
2001 Einstein (1973 EB),2001 Einstein (1973 EB),8.83E+16,-1.66E+11,-2.37E+11,-17524.28386,12319.95617,0,0
6635 Zuber (1987 SH3),6635 Zuber (1987 SH3),8.65E+16,42988031326,-2.79E+11,-21414.35139,-3294.451451,0,0
4031 Mueller (1985 CL),4031 Mueller (1985 CL),8.61E+16,-1.27E+11,2.60E+11,19260.31002,9366.417528,0,0
6859 Datemasamune (1991 CZ),6859 Datemasamune (1991 CZ),8.46E+16,2.48E+11,-1.17E+11,-9417.532118,-19877.89492,0,0
2083 Smither (1973 WB),2083 Smither (1973 WB),8.37E+16,-2.56E+11,1.14E+11,8860.879019,19883.63121,0,0
6384 Kervin (1989 AM),6384 Kervin (1989 AM),8.31E+16,2.78E+11,80375051867,5937.006379,-20562.05711,0,0
6310 Jankonke (1990 KK),6310 Jankonke (1990 KK),8.24E+16,-2.02E+11,2.02E+11,15234.04151,15218.48875,0,0
2735 Ellen (1977 RB),2735 Ellen (1977 RB),7.84E+16,-2.61E+11,96194429113,7567.351086,20504.13798,0,0
7579 (1990 TN1),7579 (1990 TN1),7.80E+16,-1.49E+11,-2.56E+11,-18312.93822,10628.69405,0,0
5390 Huichiming (1981 YO1),5390 Huichiming (1981 YO1),7.66E+16,1.34E+11,2.58E+11,18989.11485,-9845.139335,0,0
5639 Cuk (1989 PE),5639 Cuk (1989 PE),7.62E+16,-2.67E+11,74148231374,5859.49948,21090.14839,0,0
4232 Aparicio (1977 CD),4232 Aparicio (1977 CD),7.30E+16,-2.89E+11,-14126467565,-1044.064305,21380.60264,0,0
1919 Clemence (1971 SA),1919 Clemence (1971 SA),7.28E+16,-2.62E+11,-1.23E+11,-9089.797892,19381.82499,0,0
2491 Tvashtri (1977 CB),2491 Tvashtri (1977 CB),7.24E+16,2.16E+11,1.80E+11,13897.90652,-16712.09487,0,0
6394 (1990 QM2),6394 (1990 QM2),7.18E+16,-2.20E+11,1.88E+11,13905.896,16257.10495,0,0
4690 Strasbourg (1983 AJ),4690 Strasbourg (1983 AJ),7.13E+16,2.72E+11,99209637932,7324.785265,-20105.95652,0,0
6296 Cleveland (1988 NC),6296 Cleveland (1988 NC),7.06E+16,-2.81E+11,28512788069,2183.409428,21550.30386,0,0
5427 Jensmartin (1986 JQ),5427 Jensmartin (1986 JQ),7.02E+16,1.36E+11,2.55E+11,18890.59568,-10117.81717,0,0
5477 Holmes (1989 UH2),5477 Holmes (1989 UH2),6.99E+16,2.46E+11,1.48E+11,11088.63216,-18433.58857,0,0
2047 Smetana (1971 UA1),2047 Smetana (1971 UA1),6.96E+16,-1.60E+11,-2.30E+11,-17855.80002,12454.33898,0,0
3880 Kaiserman (1984 WK),3880 Kaiserman (1984 WK),6.82E+16,-2.09E+11,-2.03E+11,-14879.60702,15307.79679,0,0
5967 Edithlevy (1991 CM5),5967 Edithlevy (1991 CM5),6.80E+16,2.75E+11,-93477172966,-6878.611764,-20237.87366,0,0
5378 Ellyett (1991 GD),5378 Ellyett (1991 GD),6.57E+16,-1.03E+11,-2.70E+11,-20001.16712,7655.805682,0,0
7958 Leakey (1994 LE3),7958 Leakey (1994 LE3),6.54E+16,42236842499,-2.78E+11,-21490.98215,-3269.231094,0,0
3483 Svetlov (1976 YP2),3483 Svetlov (1976 YP2),6.48E+16,-2.56E+11,-1.34E+11,-9896.640512,19000.75525,0,0
1920 Sarmiento (1971 VO),1920 Sarmiento (1971 VO),6.34E+16,-2.27E+11,1.79E+11,13272.76582,16837.14244,0,0
4736 Johnwood (1983 AF2),4736 Johnwood (1983 AF2),6.31E+16,-42868853939,-2.90E+11,-21058.06814,3115.939419,0,0
4764 Joneberhart (1983 CC),4764 Joneberhart (1983 CC),6.28E+16,-60432947582,-2.83E+11,-20955.57198,4481.0678,0,0
5627 (1991 MA),5627 (1991 MA),5.95E+16,40841363210,-2.78E+11,-21505.25483,-3160.350943,0,0
5899 Jedicke (1986 AH),5899 Jedicke (1986 AH),5.94E+16,2.84E+11,52470828501,3900.693712,-21089.99897,0,0
7829 Jaroff (1992 WY4),7829 Jaroff (1992 WY4),5.92E+16,2.28E+11,1.83E+11,13324.21725,-16641.84313,0,0
5579 Uhlherr (1988 JL),5579 Uhlherr (1988 JL),5.90E+16,-1.29E+11,-2.62E+11,-19143.06632,9417.533698,0,0
2048 Dwornik (1973 QA),2048 Dwornik (1973 QA),5.81E+16,-2.67E+11,-1.18E+11,-8634.568765,19483.18952,0,0
7247 Robertstirling (1991 TD1),7247 Robertstirling (1991 TD1),5.80E+16,-1.64E+11,2.35E+11,17623.27232,12332.42962,0,0
7087 Lewotsky (1991 TG4),7087 Lewotsky (1991 TG4),5.73E+16,2.90E+11,42035079230,3059.175596,-21075.39573,0,0
6870 Pauldavies (1992 OG),6870 Pauldavies (1992 OG),5.66E+16,-2.61E+11,1.23E+11,9121.378381,19419.51534,0,0
6911 Nancygreen (1991 GN),6911 Nancygreen (1991 GN),5.66E+16,-2.73E+11,93596569823,6939.888766,20274.20091,0,0
2049 Grietje (1973 SH),2049 Grietje (1973 SH),5.46E+16,-1.41E+11,2.55E+11,18660.0931,10341.08687,0,0
5871 Bobbell (1989 CE2),5871 Bobbell (1989 CE2),5.30E+16,1.98E+11,-1.95E+11,-15312.9207,-15556.28835,0,0
6163 Reimers (1977 FT),6163 Reimers (1977 FT),5.25E+16,2.25E+11,1.80E+11,13413.23416,-16746.68073,0,0
5558 Johnnapier (1989 WL2),5558 Johnnapier (1989 WL2),5.17E+16,-2.09E+11,2.00E+11,14791.94882,15479.1315,0,0
6029 Edithrand (1948 AG),6029 Edithrand (1948 AG),5.05E+16,-1.18E+11,2.63E+11,19571.81197,8789.948459,0,0
7783 (1994 JD),7783 (1994 JD),4.95E+16,-2.88E+11,-31544210171,-2334.548171,21288.14154,0,0
5841 Stone (1982 ST),5841 Stone (1982 ST),4.93E+16,-2.81E+11,-63523545024,-4732.662853,20935.00659,0,0
4531 Asaro (1985 FC),4531 Asaro (1985 FC),4.92E+16,2.79E+11,-4060673920,-318.1393604,-21823.92528,0,0
4898 Nishiizumi (1988 FJ),4898 Nishiizumi (1988 FJ),4.84E+16,1.39E+11,2.57E+11,18753.84533,-10118.95308,0,0
4440 Tchantches (1984 YV),4440 Tchantches (1984 YV),4.65E+16,2.82E+11,-55794253271,-4172.083628,-21080.65423,0,0
5426 Sharp (1985 DD),5426 Sharp (1985 DD),4.52E+16,2.44E+11,-1.62E+11,-11789.23434,-17741.31607,0,0
6646 Churanta (1991 CA3),6646 Churanta (1991 CA3),4.27E+16,-1.78E+11,2.27E+11,16890.93723,13248.84574,0,0
4765 Wasserburg (1986 JN1),4765 Wasserburg (1986 JN1),3.95E+16,-2.91E+11,1415081388,103.833788,21354.35882,0,0
2495 Noviomagum (7071 P-L),2495 Noviomagum (7071 P-L),3.77E+16,-2.31E+11,1.69E+11,12705.39519,17355.07446,0,0
8024 Robertwhite (1991 FN),8024 Robertwhite (1991 FN),3.76E+16,2.93E+11,25746516640,1858.152744,-21155.57234,0,0
8026 Johnmckay (1991 JA1),8026 Johnmckay (1991 JA1),3.76E+16,2.84E+11,-45518061285,-3393.200552,-21197.62018,0,0
6087 Lupo (1988 FK),6087 Lupo (1988 FK),3.43E+16,2.15E+11,-1.93E+11,-14294.80865,-15978.89289,0,0
4868 Knushevia (1989 UN2),4868 Knushevia (1989 UN2),3.41E+16,2.68E+11,-1.19E+11,-8639.899617,-19437.42504,0,0
Eros,Eros,6.69E+15,47577279686,-2.13E+11,-24072.913,-5380.526762,0,0
Otawara,Otawara,2.00E+14,-1.76E+11,2.72E+11,16982.85019,10989.74704,0,0
AnneFrank,AnneFrank,9.15E+13,-1.22E+11,-3.08E+11,-18606.4591,7393.967598,0,0
Braille,Braille,7.40E+13,-2.02E+11,-2.86E+11,-15900.65731,11230.38515,0,0
Steins,Steins,5.14E+13,-1.89E+11,-2.99E+11,-16373.16242,10360.68932,0,0
Toutatis,Toutatis,5.00E+13,3.40E+11,-1.67E+11,-8260.097684,-16788.70578,0,0
Geographos,Geographos,4.00E+12,-1.75E+11,-62980769015,-9026.41729,25121.22918,0,0
Apollo,Apollo,2.00E+12,-2.09E+11,-67677628076,-7560.153305,23373.75257,0,0
McAuliffe,McAuliffe,1.84E+12,-1.25E+11,2.52E+11,19462.48113,9661.231424,0,0
Rodari,Rodari,1.21E+12,1.18E+11,3.06E+11,18756.75634,-7247.530969,0,0
Mimistrobell,Mimistrobell,1.08E+12,1.13E+11,-3.17E+11,-18704.2245,-6665.655308,0,0
Icarus,Icarus,1.00E+12,1.39E+11,81453555017,14489.16564,-24758.88871,0,0
Castalia,Castalia,5.00E+11,86728335496,-1.33E+11,-24214.17305,-15755.15172,0,0
Bennu,Bennu,73000000000,1.24E+11,-1.14E+11,-19006.50523,-20654.54892,0,0
Itokawa,Itokawa,35000000000,-1.92E+11,-47760728881,-6241.664822,25121.25878,0,0
